"_id__$oid","taskid","folderid","question","answer","user__$oid","__v"
"5a1d9ad5a94a6d448acf3c44","","IEABRGBFI4EVG5FB","kk","kk","59f77e492e7ceb2b6021e195","0"
"5a224c709dbe8f1b2ea73174","","IEABRGBFI4EUNCXR","test","test","59f77e492e7ceb2b6021e195","0"
"5a22c8169dbe8f1b2ea73176","","IEABRGBFI4FW5MCF","test","test","59f77e492e7ceb2b6021e195","0"
"5a2637025d51fd68eca530fc","","undefined","q1","","59f77e492e7ceb2b6021e195","0"
"5a2637665d51fd68eca530fd","","undefined","q1","a1","59f77e492e7ceb2b6021e195","0"
"5a2ccfe9595dce2b27ef1fb2","5a291e5ad2ae994d8c83a4db","","What is Security System?","","59fb4c444df99e7c5518e758","0"
"5a2e7937b40b454b027ee440","5a2e78f4b40b454b027ee43f","","","","59fb4c444df99e7c5518e758","0"
"5a38fab3958396565f2dec1f","","","What is Security System?","","59f77e492e7ceb2b6021e195","0"
"5a3905fa26ab2b575a305057","5a38faaa958396565f2dec1e","","What is Security System?","","59f77e492e7ceb2b6021e195","0"
"5a3906f1ee341657a1706a67","5a38faaa958396565f2dec1e","","What is Security System?","","59f77e492e7ceb2b6021e195","0"
"5a3907b7c4fe7c5815483bdb","5a38faaa958396565f2dec1e","","3:) => What is Security System?","","59f77e492e7ceb2b6021e195","0"
"5a39a5f089653b622dfd457e","5a39a5630420536199231658","","What is Security System?","","59f77e492e7ceb2b6021e195","0"
"5a39a65a74b3c5627b23f5e5","5a39a5630420536199231658","","Test Question 8","","59f77e492e7ceb2b6021e195","0"
"5a3a05e641813d6a25f3e2e0","5a39a5630420536199231658","","This is test question","","59f77e492e7ceb2b6021e195","0"
"5a3a06b641813d6a25f3e2e1","5a39a5630420536199231658","","what is test question","","59f77e492e7ceb2b6021e195","0"
"5a3a06f325af666aae486e87","5a39a5630420536199231658","","What is Security System?","","59f77e492e7ceb2b6021e195","0"
"5a3a088d2bc9d46b2e981cec","5a38faaa958396565f2dec1e","","What is Security System?","","59f77e492e7ceb2b6021e195","0"
"5a3a0909278faf6b6e35fa14","5a38faaa958396565f2dec1e","","What is Security System?","Answer 1","59f77e492e7ceb2b6021e195","0"
"5a3a0ce7b4affe6dfa09c179","5a39a5630420536199231658","","What is Security System?","Test Answer","59f77e492e7ceb2b6021e195","0"
"5a3a0d62ccb61d6e5a2b8dce","5a39a5630420536199231658","","what is test question","Test Answer","59f77e492e7ceb2b6021e195","0"
"5a3a39fe2719ec7988f160e4","5a291e5ad2ae994d8c83a4db","","What is Security System?","","59f77e492e7ceb2b6021e195","0"
"5a3a5d3c3f7b48033ad0c923","5a3a5d253f7b48033ad0c922","","What is Security System?","","59f77e492e7ceb2b6021e195","0"
"5a3a5e47849c7e03bc3f19af","5a3a5e3a849c7e03bc3f19ae","","What is Security System?","","59f77e492e7ceb2b6021e195","0"
"5a3a5e8c849c7e03bc3f19b0","5a3a5e3a849c7e03bc3f19ae","","What is Security System?","","59f77e492e7ceb2b6021e195","0"
"5a3a5ec0884cf60428cc40ce","5a3a5e3a849c7e03bc3f19ae","","What is Security System?","","59f77e492e7ceb2b6021e195","0"
"5a3a5f50fe6df5048ba75700","5a3a5f47fe6df5048ba756ff","","What is Security System?","","59f77e492e7ceb2b6021e195","0"
"5a3a63bed348be057512cffa","5a3a63b3d348be057512cff9","","What is Security System?","","59f77e492e7ceb2b6021e195","0"
"5a3a7d7c775e0607b8946c3c","5a2957bdd2ae994d8c83a4e9","","Describe your security system.","","59f77e492e7ceb2b6021e195","0"
"5a55d11ab34cda3f54e6399e","5a55b70db34cda3f54e63988","","","","59f77e492e7ceb2b6021e195","0"
"5a58a492bbb18f06e9457d45","5a5886c8a27c2103ff73f0ad","","","","59f77e492e7ceb2b6021e195","0"
